{
  "applications": [
    {
      "identifier": "6149d7bc-b506-404d-b98f-140703578044",
      "garminGuid": "6149d7bc-b506-404d-b98f-140703578044",
      "displayName": [
        {
          "symbol": "default",
          "description": "App Select"
        }
      ],
      "service": [
        {
          "type": "_garmin-empirbus._tcp",
          "port": "80",
          "txt": [
            "protovers=1",
            "path=/garmin/empirbus_config.json"
          ]
        },
        {
          "type": "_garmin-empirbus-html._tcp",
          "port": "80",
          "txt": [
            "protovers=1",
            "path=/garmin/empirbus_config.json"
          ]
        },
        {
          "type": "_http._tcp",
          "port": "80",
          "txt": [
            "Empirbus=true",
            "Name=Empirbus",
            "UrlPath=index.html",
            "IconFolderPath=/images/raymarine/",
            "Auth=29b648c58b9c6a6d65f8973e477d5800b51c842bd25fb2e21a9fa432f655294c"
          ]
        }
      ],
      "path": "index.html",
      "icon": [
        {
          "symbol": "default",
          "description": "/images/icon-default.png"
        }
      ],
      "showInApplicationSelector": false,
      "devices": [
        "MFD"
      ],
      "mainApplication": true
    },
    {
      "identifier": "1d91c2f0-2626-11f0-a956-775f9af55da4",
      "garminGuid": "aae7553d-0a69-4f08-97f0-f2488513f478",
      "displayName": [
        {
          "symbol": "default",
          "description": "New Application 1"
        }
      ],
      "service": [
        {
          "type": "_garmin-empirbus._tcp",
          "port": "80",
          "txt": [
            "protovers=1",
            "path=/garmin/empirbus_config1.json"
          ]
        },
        {
          "type": "_garmin-empirbus-html._tcp",
          "port": "80",
          "txt": [
            "protovers=1",
            "path=/garmin/empirbus_config1.json"
          ]
        },
        {
          "type": "_garmin-mrn-html._tcp",
          "port": "80",
          "txt": [
            "protovers=1",
            "path=/garmin/config1.json"
          ]
        }
      ],
      "path": "index1.html",
      "icon": [
        {
          "symbol": "default",
          "description": "/images/icon-default.png"
        }
      ],
      "showInApplicationSelector": true,
      "devices": [
        "MFD",
        "APP"
      ],
      "mainApplication": false
    },
    {
      "identifier": "1cfd8b60-27a9-11f0-aa3e-972e9d5fb60b",
      "garminGuid": "81a3cd23-cd20-4e28-8122-e1472e1588e4",
      "displayName": [
        {
          "symbol": "default",
          "description": "Core"
        }
      ],
      "service": [
        {
          "type": "_garmin-empirbus._tcp",
          "port": "80",
          "txt": [
            "protovers=1",
            "path=/garmin/empirbus_config2.json"
          ]
        },
        {
          "type": "_garmin-empirbus-html._tcp",
          "port": "80",
          "txt": [
            "protovers=1",
            "path=/garmin/empirbus_config2.json"
          ]
        },
        {
          "type": "_garmin-mrn-html._tcp",
          "port": "80",
          "txt": [
            "protovers=1",
            "path=/garmin/config2.json"
          ]
        }
      ],
      "path": "index2.html",
      "icon": [
        {
          "symbol": "default",
          "description": "/images/icon-default.png"
        }
      ],
      "showInApplicationSelector": true,
      "devices": [
        "APP"
      ],
      "mainApplication": false
    },
    {
      "identifier": "25eec240-287e-11f0-bda0-2d31e81d0f11",
      "garminGuid": "004c3d47-2111-429e-b806-816140730b38",
      "displayName": [
        {
          "symbol": "default",
          "description": "Core-2"
        }
      ],
      "service": [
        {
          "type": "_garmin-empirbus._tcp",
          "port": "80",
          "txt": [
            "protovers=1",
            "path=/garmin/empirbus_config3.json"
          ]
        },
        {
          "type": "_garmin-empirbus-html._tcp",
          "port": "80",
          "txt": [
            "protovers=1",
            "path=/garmin/empirbus_config3.json"
          ]
        },
        {
          "type": "_garmin-mrn-html._tcp",
          "port": "80",
          "txt": [
            "protovers=1",
            "path=/garmin/config3.json"
          ]
        }
      ],
      "path": "index3.html",
      "icon": [
        {
          "symbol": "default",
          "description": "/images/icon-default.png"
        }
      ],
      "showInApplicationSelector": true,
      "devices": [
        "APP"
      ],
      "mainApplication": false
    },
    {
      "identifier": "dc166c20-287f-11f0-9cae-e115d7469ef7",
      "garminGuid": "b6d317b5-2043-4562-8e22-54bcf77b4708",
      "displayName": [
        {
          "symbol": "default",
          "description": "Core-3"
        }
      ],
      "service": [
        {
          "type": "_garmin-empirbus._tcp",
          "port": "80",
          "txt": [
            "protovers=1",
            "path=/garmin/empirbus_config4.json"
          ]
        },
        {
          "type": "_garmin-empirbus-html._tcp",
          "port": "80",
          "txt": [
            "protovers=1",
            "path=/garmin/empirbus_config4.json"
          ]
        },
        {
          "type": "_garmin-mrn-html._tcp",
          "port": "80",
          "txt": [
            "protovers=1",
            "path=/garmin/config4.json"
          ]
        }
      ],
      "path": "index4.html",
      "icon": [
        {
          "symbol": "default",
          "description": "/images/icon-default.png"
        }
      ],
      "showInApplicationSelector": true,
      "devices": [
        "APP"
      ],
      "mainApplication": false
    },
    {
      "identifier": "dfb93560-287f-11f0-9cae-e115d7469ef7",
      "garminGuid": "9b597e49-70fb-4d4e-a4e8-2154ea99fd2a",
      "displayName": [
        {
          "symbol": "default",
          "description": "Core-4"
        }
      ],
      "service": [
        {
          "type": "_garmin-empirbus._tcp",
          "port": "80",
          "txt": [
            "protovers=1",
            "path=/garmin/empirbus_config5.json"
          ]
        },
        {
          "type": "_garmin-empirbus-html._tcp",
          "port": "80",
          "txt": [
            "protovers=1",
            "path=/garmin/empirbus_config5.json"
          ]
        },
        {
          "type": "_garmin-mrn-html._tcp",
          "port": "80",
          "txt": [
            "protovers=1",
            "path=/garmin/config5.json"
          ]
        }
      ],
      "path": "index5.html",
      "icon": [
        {
          "symbol": "default",
          "description": "/images/icon-default.png"
        }
      ],
      "showInApplicationSelector": true,
      "devices": [
        "APP"
      ],
      "mainApplication": false
    },
    {
      "identifier": "49c956d6-ed5e-4451-beb9-0f55e3ef22cb",
      "garminGuid": "49c956d6-ed5e-4451-beb9-0f55e3ef22cb",
      "displayName": [
        {
          "symbol": "default",
          "description": " EmpirBus Settings"
        },
        {
          "symbol": "en-US",
          "description": " EmpirBus Settings"
        },
        {
          "symbol": "da-DK",
          "description": " EmpirBus Indstillinger"
        },
        {
          "symbol": "nl-NL",
          "description": " EmpirBus Instellingen"
        },
        {
          "symbol": "fi-FI",
          "description": " EmpirBus Asetukset"
        },
        {
          "symbol": "fr-Fr",
          "description": " EmpirBus Paramètres"
        },
        {
          "symbol": "de-DE",
          "description": " EmpirBus Einstellungen"
        },
        {
          "symbol": "it-IT",
          "description": " EmpirBus Impostazioni"
        },
        {
          "symbol": "nn-NO",
          "description": " EmpirBus Innstillinger"
        },
        {
          "symbol": "pt-BR",
          "description": " EmpirBus Definições"
        },
        {
          "symbol": "es-ES",
          "description": " EmpirBus Configuración"
        },
        {
          "symbol": "sv-SE",
          "description": " EmpirBus Inställningar"
        }
      ],
      "service": [
        {
          "type": "_garmin-empirbus._tcp",
          "port": "80",
          "txt": [
            "protovers=1",
            "path=/garmin/empirbus_config6.json"
          ]
        },
        {
          "type": "_garmin-empirbus-html._tcp",
          "port": "80",
          "txt": [
            "protovers=1",
            "path=/garmin/empirbus_config6.json"
          ]
        },
        {
          "type": "_garmin-mrn-html._tcp",
          "port": "80",
          "txt": [
            "protovers=1",
            "path=/garmin/config6.json"
          ]
        }
      ],
      "path": "settings-web/#",
      "icon": [
        {
          "symbol": "default",
          "description": "/images/icon-settings.png"
        }
      ],
      "showInApplicationSelector": true,
      "devices": [
        "MFD",
        "APP"
      ],
      "mainApplication": false
    }
  ]
}